facility_id,facility_first_case,facility_cases_cumulative_max,facility_cases_current_latest,facility_name,city,state,zip,lat,lng,facility_listed
BERGENJ,2020-03-24,26.0,0.0,BERGEN COUNTY JAIL,HACKENSACK,NJ,07601,40.87387304999999,-74.03904222999999,Bergen County Jail
BERGENJ,2020-03-24,26.0,0.0,BERGEN COUNTY JAIL,HACKENSACK,NJ,07601,40.87387304999999,-74.03904222999999,"Bergen County Jail (Hackensack, NJ)"
ESSEXNJ,2020-03-26,24.0,0.0,ESSEX COUNTY CORRECTIONAL FACILITY,NEWARK,NJ,07105,40.701514100000004,-74.1371458,"Essex County Correctional Facility (Newark, NJ)"
ESSEXNJ,2020-03-26,24.0,0.0,ESSEX COUNTY CORRECTIONAL FACILITY,NEWARK,NJ,07105,40.701514100000004,-74.1371458,Essex County Jail
HUDSONJ,2020-03-30,14.0,0.0,HUDSON COUNTY CORRECTIONAL CENTER,KEARNY,NJ,07032,40.72991000000001,-74.10339799999998,Hudson County Jail
HUDSONJ,2020-03-30,14.0,0.0,HUDSON COUNTY CORRECTIONAL CENTER,KEARNY,NJ,07032,40.72991000000001,-74.10339799999998,"Hudson County Jail (Kearny, NJ)"
MTGPCTX,2020-03-30,873.0,21.0,MONTGOMERY ICE PROCESSING CENTER,CONROE,TX,77301,30.34444,-95.44922000000003,"Montgomery Processing (Houston, TX)"
MTGPCTX,2020-03-30,873.0,21.0,MONTGOMERY ICE PROCESSING CENTER,CONROE,TX,77301,30.34444,-95.44922000000003,"Montgomery Processing Center (Conroe, TX)"
MTGPCTX,2020-03-30,873.0,21.0,MONTGOMERY ICE PROCESSING CENTER,CONROE,TX,77301,30.34444,-95.44922000000003,Montgomery Processing Center (Houston)
LPAPSAZ,2020-04-01,2983.0,27.0,LA PALMA CORRECTION CENTER - APSO,ELOY,AZ,85131,32.65,-111.59,La Palma Correctional Facility
LPAPSAZ,2020-04-01,2983.0,27.0,LA PALMA CORRECTION CENTER - APSO,ELOY,AZ,85131,32.65,-111.59,"La Palma Correctional Facility (Eloy, AZ)"
PIKCOPA,2020-04-03,45.0,0.0,PIKE COUNTY CORRECTIONAL FACILITY,LORDS VALLEY,PA,18428,41.38881,-75.071465,Pike County Correctional Facility
PIKCOPA,2020-04-03,45.0,0.0,PIKE COUNTY CORRECTIONAL FACILITY,LORDS VALLEY,PA,18428,41.38881,-75.071465,"Pike County Correctional Facility (Hawley, PA)"
PINEPLA,2020-04-03,228.0,1.0,PINE PRAIRIE ICE PROCESSING CENTER,PINE PRAIRIE,LA,70576,30.781743999999996,-92.41968000000001,Pine Prairie ICE Processing Center
PINEPLA,2020-04-03,228.0,1.0,PINE PRAIRIE ICE PROCESSING CENTER,PINE PRAIRIE,LA,70576,30.781743999999996,-92.41968000000001,"Pine Prairie Processing Center (Pine Prairie, LA)"
CCASDCA,2020-04-04,997.0,2.0,OTAY MESA DETENTION CENTER (SAN DIEGO CDF),SAN DIEGO,CA,92154,32.57652475,-116.9154777,Otay Mesa Detention Center (San Diego CDF)
CCASDCA,2020-04-04,997.0,2.0,OTAY MESA DETENTION CENTER (SAN DIEGO CDF),SAN DIEGO,CA,92154,32.57652475,-116.9154777,"Otay Mesa Detention Center (San Diego, CA)"
CCASDCA,2020-04-04,997.0,2.0,OTAY MESA DETENTION CENTER (SAN DIEGO CDF),SAN DIEGO,CA,92154,32.57652475,-116.9154777,Otay Mesa Detention Center (San Diego CDF) thru 9/4/2020
YORCOPA,2020-04-04,352.0,0.0,YORK COUNTY PRISON,YORK,PA,17402,39.98759739999999,-76.66360293,York County Prison
YORCOPA,2020-04-04,352.0,0.0,YORK COUNTY PRISON,YORK,PA,17402,39.98759739999999,-76.66360293,"York County Prison (York, PA)"
"local hospital (Miami, FL)",2020-04-07,1.0,,LOCAL HOSPITAL,MIAMI,FL,NA,25.782339999999994,-80.36954,"local hospital (Miami, FL)"
OLACCLA,2020-04-07,25.0,0.0,LASALLE CORR CTR OLLA,OLLA,LA,71465,31.85131,-92.28482000000001,"LaSalle Correctional Center (Olla, LA)"
OLACCLA,2020-04-07,25.0,0.0,LASALLE CORR CTR OLLA,OLLA,LA,71465,31.85131,-92.28482000000001,LaSalle ICE Processing Center - Olla
OLACCLA,2020-04-07,25.0,0.0,LASALLE CORR CTR OLLA,OLLA,LA,71465,31.85131,-92.28482000000001,"LaSalle Processing Center - Olla (Olla, LA)"
STCLAMI,2020-04-07,17.0,0.0,SAINT CLAIR COUNTY JAIL,PORT HURON,MI,48060,42.94196024,-82.48124175000001,Saint Clair County Jail
STCLAMI,2020-04-07,17.0,0.0,SAINT CLAIR COUNTY JAIL,PORT HURON,MI,48060,42.94196024,-82.48124175000001,"Saint Clair County Jail (Huron, MI)"
STCLAMI,2020-04-07,17.0,0.0,SAINT CLAIR COUNTY JAIL,PORT HURON,MI,48060,42.94196024,-82.48124175000001,"St. Clair County Jail (Huron, MI)"
ELZICDF,2020-04-08,182.0,3.0,ELIZABETH CONTRACT DETENTION FACILITY,ELIZABETH,NJ,07201,40.66615695000001,-74.18969352,Elizabeth Detention Center
ELZICDF,2020-04-08,182.0,3.0,ELIZABETH CONTRACT DETENTION FACILITY,ELIZABETH,NJ,07201,40.66615695000001,-74.18969352,"Elizabeth Detention Center (Elizabeth, NJ)"
BTV,2020-04-09,215.0,2.0,BUFFALO (BATAVIA) SERVICE PROCESSING CENTER,BATAVIA,NY,14020,43.020404,-78.20269400000001,Buffalo (Batavia) Service Processing Center
BTV,2020-04-09,215.0,2.0,BUFFALO (BATAVIA) SERVICE PROCESSING CENTER,BATAVIA,NY,14020,43.020404,-78.20269400000001,"Buffalo Federal Detention Facility (Batavia, NY)"
BTV,2020-04-09,215.0,2.0,BUFFALO (BATAVIA) SERVICE PROCESSING CENTER,BATAVIA,NY,14020,43.020404,-78.20269400000001,"Buffalo Federal Detention Facility (Buffalo, NY)"
FLO,2020-04-09,273.0,2.0,FLORENCE SERVICE PROCESSING CENTER,FLORENCE,AZ,85132,33.0649605,-111.37850479999999,Florence Detention Center
FLO,2020-04-09,273.0,2.0,FLORENCE SERVICE PROCESSING CENTER,FLORENCE,AZ,85132,33.0649605,-111.37850479999999,"Florence Detention Center (Florence, AZ)"
KRO,2020-04-09,397.0,1.0,KROME NORTH SERVICE PROCESSING CENTER,MIAMI,FL,33194,25.762581799999996,-80.19302400000001,"Krome Detention Center (Miami, FL)"
KRO,2020-04-09,397.0,1.0,KROME NORTH SERVICE PROCESSING CENTER,MIAMI,FL,33194,25.762581799999996,-80.19302400000001,Krome North Service Processing Center
LAWINCI,2020-04-09,669.0,13.0,WINN CORRECTIONAL CENTER,WINNFIELD,LA,71483,31.84957,-92.80151000000001,Winn Correctional Center
LAWINCI,2020-04-09,669.0,13.0,WINN CORRECTIONAL CENTER,WINNFIELD,LA,71483,31.84957,-92.80151000000001,"Winn Correctional Center (Winnfield, LA)"
STWRTGA,2020-04-09,1513.0,49.0,STEWART DETENTION CENTER,LUMPKIN,GA,31815,32.036676,-84.771746,Stewart Detention Center
STWRTGA,2020-04-09,1513.0,49.0,STEWART DETENTION CENTER,LUMPKIN,GA,31815,32.036676,-84.771746,"Stewart Detention Center (Lumpkin, GA)"
IRWINGA,2020-04-10,146.0,0.0,IRWIN COUNTY DETENTION CENTER,OCILLA,GA,31772,31.580997229999998,-83.25462794000002,Irwin County Detention Center
IRWINGA,2020-04-10,146.0,0.0,IRWIN COUNTY DETENTION CENTER,OCILLA,GA,31772,31.580997229999998,-83.25462794000002,"Irwin County Detention Center (Ocilla, GA)"
OTRPCNM,2020-04-10,927.0,18.0,OTERO COUNTY PROCESSING CENTER,CHAPARRAL,NM,88081,32.08042,-106.28262000000001,Otero County Processing Center
OTRPCNM,2020-04-10,927.0,18.0,OTERO COUNTY PROCESSING CENTER,CHAPARRAL,NM,88081,32.08042,-106.28262000000001,"Otero County Processing Center (Chaparral, NM)"
PULASIL,2020-04-10,118.0,0.0,PULASKI COUNTY JAIL,ULLIN,IL,62992,37.272085000000004,-89.17513299999999,Pulaski County Detention Center
PULASIL,2020-04-10,118.0,0.0,PULASKI COUNTY JAIL,ULLIN,IL,62992,37.272085000000004,-89.17513299999999,"Pulaski County Detention Center (Ullin, IL)"
RWCCMLA,2020-04-10,576.0,2.0,RICHWOOD CORRECTIONAL CENTER,RICHWOOD,LA,71202,32.46343,-92.0874,Richwood Correctional Center
RWCCMLA,2020-04-10,576.0,2.0,RICHWOOD CORRECTIONAL CENTER,RICHWOOD,LA,71202,32.46343,-92.0874,"Richwood Correctional Center (Monroe, LA)"
ADAMSMS,2020-04-13,1210.0,0.0,ADAMS COUNTY DET CENTER,NATCHEZ,MS,39120,31.56918,-91.23047,Adams County Correctional Center
ADAMSMS,2020-04-13,1210.0,0.0,ADAMS COUNTY DET CENTER,NATCHEZ,MS,39120,31.56918,-91.23047,"Adams County Correctional Center (Natchez, MS)"
ADAMSMS,2020-04-13,1210.0,0.0,ADAMS COUNTY DET CENTER,NATCHEZ,MS,39120,31.56918,-91.23047,403
POLKCTX,2020-04-13,1406.0,26.0,IAH SECURE ADULT DETENTION FACILITY (POLK),LIVINGSTON,TX,77351,30.698150000000002,-95.00578999999999,IAH Polk Adult Detention Facility
POLKCTX,2020-04-13,1406.0,26.0,IAH SECURE ADULT DETENTION FACILITY (POLK),LIVINGSTON,TX,77351,30.698150000000002,-95.00578999999999,"IAH Secure Adult Detention Facility (Livingston, TX)"
JENADLA,2020-04-14,529.0,8.0,LASALLE ICE PROCESSING CENTER (JENA),JENA,LA,71342,31.70727,-92.15106,LaSalle ICE Processing Center - Jena
JENADLA,2020-04-14,529.0,8.0,LASALLE ICE PROCESSING CENTER (JENA),JENA,LA,71342,31.70727,-92.15106,"LaSalle Processing Center - Jena (Jena, LA)"
JENADLA,2020-04-14,529.0,8.0,LASALLE ICE PROCESSING CENTER (JENA),JENA,LA,71342,31.70727,-92.15106,"LaSalle Processing Center (Jena, LA)"
PRLDCTX,2020-04-15,602.0,2.0,PRAIRIELAND DETENTION FACILITY,ALVARADO,TX,76009,32.420785390000006,-97.19690234,"Prairieland Detention Center (Alvarado, TX)"
PRLDCTX,2020-04-15,602.0,2.0,PRAIRIELAND DETENTION FACILITY,ALVARADO,TX,76009,32.420785390000006,-97.19690234,Prairieland Detention Facility
PRLDCTX,2020-04-15,602.0,2.0,PRAIRIELAND DETENTION FACILITY,ALVARADO,TX,76009,32.420785390000006,-97.19690234,"Prarieland Detention Center (Alvarado, LA)"
RVRCCLA,2020-04-16,117.0,0.0,RIVER CORRECTIONAL CENTER,FERRIDAY,LA,71334,31.585629999999995,-91.55723,River Correctional Center
RVRCCLA,2020-04-16,117.0,0.0,RIVER CORRECTIONAL CENTER,FERRIDAY,LA,71334,31.585629999999995,-91.55723,"River Correctional Center (Ferriday, LA)"
CATAHLA,2020-04-20,119.0,0.0,CATAHOULA CORRECTIONAL CENTER,HARRISONBURG,LA,71430,31.860451,-91.96221500000001,Catahoula Correctional Center
CATAHLA,2020-04-20,119.0,0.0,CATAHOULA CORRECTIONAL CENTER,HARRISONBURG,LA,71430,31.860451,-91.96221500000001,"Catahoula Correctional Center (Harrisonburg, LA)"
EPC,2020-04-20,1180.0,20.0,EL PASO SERVICE PROCESSING CENTER,EL PASO,TX,79925,31.796447349999998,-106.3696513,"El Paso Processing Center (El Paso, TX)"
EPC,2020-04-20,1180.0,20.0,EL PASO SERVICE PROCESSING CENTER,EL PASO,TX,79925,31.796447349999998,-106.3696513,El Paso Service Processing Center
CARDFVA,2020-04-21,149.0,0.0,CAROLINE DETENTION FACILITY,BOWLING GREEN,VA,22427,38.11727,-77.27783,Caroline Detention Facility
CARDFVA,2020-04-21,149.0,0.0,CAROLINE DETENTION FACILITY,BOWLING GREEN,VA,22427,38.11727,-77.27783,"Caroline Detention Facility (Bowling Green, VA)"
BLBNATX,2020-04-22,883.0,1.0,BLUEBONNET DETENTION FACILITY,ANSON,TX,79501,32.778040000000004,-99.90967,Bluebonnet Detention Facility
BLBNATX,2020-04-22,883.0,1.0,BLUEBONNET DETENTION FACILITY,ANSON,TX,79501,32.778040000000004,-99.90967,"Bluebonnet Detention Facility (Anson, TX)"
STCDFTX,2020-04-24,1539.0,87.0,SOUTH TEXAS ICE PROCESSING CENTER,PEARSALL,TX,78061,28.888468,-99.09005,South Texas ICE Processing Center (Pearsall)
STCDFTX,2020-04-24,1539.0,87.0,SOUTH TEXAS ICE PROCESSING CENTER,PEARSALL,TX,78061,28.888468,-99.09005,"South Texas Processing Center (Pearsall, TX)"
MOROWOH,2020-04-27,51.0,0.0,MORROW COUNTY CORRECTIONAL FACILITY,MOUNT GILEAD,OH,43338,40.5599306,-82.80671784999998,Morrow County Correctional Facility
MOROWOH,2020-04-27,51.0,0.0,MORROW COUNTY CORRECTIONAL FACILITY,MOUNT GILEAD,OH,43338,40.5599306,-82.80671784999998,"Morrow County Correctional Facility (Mount Gilead, OH)"
WYATTRI,2020-04-27,60.0,0.0,WYATT DETENTION CENTER,CENTRAL FALLS,RI,02863,41.89281058,-71.38319984,Wyatt Detention Center
WYATTRI,2020-04-27,60.0,0.0,WYATT DETENTION CENTER,CENTRAL FALLS,RI,02863,41.89281058,-71.38319984,"Wyatt Detention Center (Central Falls, RI)"
JCRLYTX,2020-04-28,673.0,17.0,JOE CORLEY ICE PROCESSING CENTER,CONROE,TX,77301,30.34444,-95.46021000000002,Joe Corley Detention Center
JCRLYTX,2020-04-28,673.0,17.0,JOE CORLEY ICE PROCESSING CENTER,CONROE,TX,77301,30.34444,-95.46021000000002,"Joe Corley Detention Center (Conroe, TX)"
ETOWAAL,2020-05-01,77.0,2.0,ETOWAH COUNTY JAIL (ALABAMA),GADSDEN,AL,35901,34.01573709,-86.01193282999999,"Etowah County Detention Center (Gadsden, AL)"
ETOWAAL,2020-05-01,77.0,2.0,ETOWAH COUNTY JAIL (ALABAMA),GADSDEN,AL,35901,34.01573709,-86.01193282999999,Etowah County Jail
FRMVLVA,2020-05-04,340.0,1.0,IMMIGRATION CENTERS OF AMERICA FARMVILLE,FARMVILLE,VA,23901,37.319500999999995,-78.438276,"Farmville Detention Center (Farmville, VA)"
FRMVLVA,2020-05-04,340.0,1.0,IMMIGRATION CENTERS OF AMERICA FARMVILLE,FARMVILLE,VA,23901,37.319500999999995,-78.438276,Immigration Centers of America - Farmville
HASKLTX,2020-05-04,66.0,0.0,ROLLING PLAINS DETENTION CENTER,HASKELL,TX,79521,33.1762715,-99.72178917,Rolling Plains Detention Center
HASKLTX,2020-05-04,66.0,0.0,ROLLING PLAINS DETENTION CENTER,HASKELL,TX,79521,33.1762715,-99.72178917,"Rolling Plains Detention Facility (Haskell, TX)"
JAMESGA,2020-05-04,399.0,45.0,MAIN - FOLKSTON IPC (D RAY JAMES),FOLKSTON,GA,31537,30.87209,-81.98246999999999,Folkston ICE Processing Center (Main)
JAMESGA,2020-05-04,399.0,45.0,MAIN - FOLKSTON IPC (D RAY JAMES),FOLKSTON,GA,31537,30.87209,-81.98246999999999,Folkston ICE Processing Center (D. Ray James)
JAMESGA,2020-05-04,399.0,45.0,MAIN - FOLKSTON IPC (D RAY JAMES),FOLKSTON,GA,31537,30.87209,-81.98246999999999,Folkston ICE Processing Centerb (D. Ray James)
JAMESGA,2020-05-04,399.0,45.0,MAIN - FOLKSTON IPC (D RAY JAMES),FOLKSTON,GA,31537,30.87209,-81.98246999999999,"Folkston Processing Center (Folkston, GA)"
WEBDCTX,2020-05-05,356.0,49.0,WEBB COUNTY DETENTION CENTER (CCA),LAREDO,TX,78046,27.370089,-99.489808,Webb County Detention Center (CCA)
WEBDCTX,2020-05-05,356.0,49.0,WEBB COUNTY DETENTION CENTER (CCA),LAREDO,TX,78046,27.370089,-99.489808,"Webb County Detention Center (Laredo, TX)"
WEBDCTX,2020-05-05,356.0,49.0,WEBB COUNTY DETENTION CENTER (CCA),LAREDO,TX,78046,27.370089,-99.489808,14
BRINDMA,2020-05-06,9.0,0.0,BRISTOL COUNTY DETENTION CENTER,NORTH DARTMOUTH,MA,02747,41.66533290000002,-70.9957847,Bristol County Detention Center
BRINDMA,2020-05-06,9.0,0.0,BRISTOL COUNTY DETENTION CENTER,NORTH DARTMOUTH,MA,02747,41.66533290000002,-70.9957847,"Bristol County House of Corrections (North Dartmouth, MA)"
HOUICDF,2020-05-06,1130.0,5.0,HOUSTON CONTRACT DETENTION FACILITY,HOUSTON,TX,77032,29.95083585,-95.31218808,Houston Contract Detention Facility
HOUICDF,2020-05-06,1130.0,5.0,HOUSTON CONTRACT DETENTION FACILITY,HOUSTON,TX,77032,29.95083585,-95.31218808,"Houston Contract Detention Facility (Houston, TX)"
WCCPBFL,2020-05-06,477.0,3.0,BROWARD TRANSITIONAL CENTER,POMPANO BEACH,FL,33073,26.27477215,-80.15197144999999,Broward Transitional Center
WCCPBFL,2020-05-06,477.0,3.0,BROWARD TRANSITIONAL CENTER,POMPANO BEACH,FL,33073,26.27477215,-80.15197144999999,"Broward Transitional Center (Pompano Beach, FL)"
LINCOMO,2020-05-13,1.0,0.0,LINCOLN COUNTY DETENTION CENTER,TROY,MO,63379,38.97101443,-90.96348024000001,Lincoln County Detention Center
LINCOMO,2020-05-13,1.0,0.0,LINCOLN COUNTY DETENTION CENTER,TROY,MO,63379,38.97101443,-90.96348024000001,"Lincoln County Detention Center (Troy, MO)"
PIC,2020-05-13,1832.0,7.0,PORT ISABEL,LOS FRESNOS,TX,78566,26.155046,-97.33829,Port Isabel Detention Center
PIC,2020-05-13,1832.0,7.0,PORT ISABEL,LOS FRESNOS,TX,78566,26.155046,-97.33829,"Port Isabel Detention Center (Los Fresnos, TX)"
POLKJIA,2020-05-13,17.0,0.0,POLK COUNTY JAIL,DES MOINES,IA,50313,41.653605,-93.58781300000001,Polk County Jail
POLKJIA,2020-05-13,17.0,0.0,POLK COUNTY JAIL,DES MOINES,IA,50313,41.653605,-93.58781300000001,"Polk County Jail (Des Moines, IA)"
TOORANM,2020-05-13,425.0,8.0,TORRANCE COUNTY DETENTION FACILITY,ESTANCIA,NM,87016,34.767387,-106.018496,Torrance County Detention Center
TOORANM,2020-05-13,425.0,8.0,TORRANCE COUNTY DETENTION FACILITY,ESTANCIA,NM,87016,34.767387,-106.018496,"Torrance County Detention Center (Estancia, NM)"
TOORANM,2020-05-13,425.0,8.0,TORRANCE COUNTY DETENTION FACILITY,ESTANCIA,NM,87016,34.767387,-106.018496,Torrance County Detention] Center
CALHOMI,2020-05-14,64.0,3.0,CALHOUN COUNTY CORRECTIONAL CENTER,BATTLE CREEK,MI,49014,42.3166739,-85.17589149999998,"Calhoun County Correction Center (Battle Creek, MI)"
CALHOMI,2020-05-14,64.0,3.0,CALHOUN COUNTY CORRECTIONAL CENTER,BATTLE CREEK,MI,49014,42.3166739,-85.17589149999998,Calhoun County Correctional Center
NVSDCNV,2020-05-15,31.0,0.0,NEVADA SOUTHERN DETENTION CENTER,PAHRUMP,NV,89060,36.24902657,-115.98277479999999,Nevada Southern Detention Center
NVSDCNV,2020-05-15,31.0,0.0,NEVADA SOUTHERN DETENTION CENTER,PAHRUMP,NV,89060,36.24902657,-115.98277479999999,"Nevada Southern Detention Center (Pahrump, NV)"
CSCNWWA,2020-05-18,389.0,0.0,TACOMA ICE PROCESSING CENTER (NORTHWEST DET CTR),TACOMA,WA,98421,47.25021,-122.42269999999999,Northwest ICE Processing Center (NWIPC)
CSCNWWA,2020-05-18,389.0,0.0,TACOMA ICE PROCESSING CENTER (NORTHWEST DET CTR),TACOMA,WA,98421,47.25021,-122.42269999999999,"Northwest Processing Center (Tacoma, WA)"
CSCNWWA,2020-05-18,389.0,0.0,TACOMA ICE PROCESSING CENTER (NORTHWEST DET CTR),TACOMA,WA,98421,47.25021,-122.42269999999999,Tacoma ICE Processing Center (Northwest Detention Center)
CSCNWWA,2020-05-18,389.0,0.0,TACOMA ICE PROCESSING CENTER (NORTHWEST DET CTR),TACOMA,WA,98421,47.25021,-122.42269999999999,Tacoma ICE Processing Centerb (Northwest Detention Center)
CSCNWWA,2020-05-18,389.0,0.0,TACOMA ICE PROCESSING CENTER (NORTHWEST DET CTR),TACOMA,WA,98421,47.25021,-122.42269999999999,Northwest ICE Processing Center ](NWIPC)
JOHNSTX,2020-05-18,4.0,0.0,JOHNSON COUNTY CORRECTIONS CENTER,CLEBURNE,TX,76031,32.374901699999995,-97.38846453,Johnson County Law Enforcement Center
JOHNSTX,2020-05-18,4.0,0.0,JOHNSON COUNTY CORRECTIONS CENTER,CLEBURNE,TX,76031,32.374901699999995,-97.38846453,"Johnson County Law Enforcement Center (Cleburne, TX)"
STRAFNH,2020-05-19,25.0,4.0,STRAFFORD COUNTY CORRECTIONS,DOVER,NH,03820,43.219230200000005,-70.93860828000001,Strafford County Corrections
STRAFNH,2020-05-19,25.0,4.0,STRAFFORD COUNTY CORRECTIONS,DOVER,NH,03820,43.219230200000005,-70.93860828000001,"Strafford County Jail (Dover, NH)"
DENICDF,2020-05-21,714.0,18.0,DENVER CONTRACT DETENTION FACILITY,AURORA,CO,80010,39.7164154,-104.85111960000002,Aurora Contract Detention Facility
DENICDF,2020-05-21,714.0,18.0,DENVER CONTRACT DETENTION FACILITY,AURORA,CO,80010,39.7164154,-104.85111960000002,"Aurora Contract Detention Facility (Aurora, CO)"
DENICDF,2020-05-21,714.0,18.0,DENVER CONTRACT DETENTION FACILITY,AURORA,CO,80010,39.7164154,-104.85111960000002,Denver Contract Detention Facility
DENICDF,2020-05-21,714.0,18.0,DENVER CONTRACT DETENTION FACILITY,AURORA,CO,80010,39.7164154,-104.85111960000002,"Denver Contract Detention Facility (Aurora, CO)"
GREENMA,2020-05-27,9.0,0.0,FRANKLIN COUNTY HOUSE OF CORRECTION,GREENFIELD,MA,01301,42.5964024,-72.6124595,Franklin County House of Corrections
GREENMA,2020-05-27,9.0,0.0,FRANKLIN COUNTY HOUSE OF CORRECTION,GREENFIELD,MA,01301,42.5964024,-72.6124595,"Franklin County House of Corrections (Greenfield, MA)"
IRADFCA,2020-05-27,556.0,5.0,IMPERIAL REGIONAL DETENTION FACILITY,CALEXICO,CA,92231,32.690811000000004,-115.397861,45
IRADFCA,2020-05-27,556.0,5.0,IMPERIAL REGIONAL DETENTION FACILITY,CALEXICO,CA,92231,32.690811000000004,-115.397861,Imperial Regional Detention Facility
IRADFCA,2020-05-27,556.0,5.0,IMPERIAL REGIONAL DETENTION FACILITY,CALEXICO,CA,92231,32.690811000000004,-115.397861,"Imperial Regional Detention Facility (Calexico, CA)"
GLADEFL,2020-05-28,201.0,2.0,GLADES COUNTY DETENTION CENTER,MOORE HAVEN,FL,33471,26.838714,-81.12401799999999,Glades County Detentio8n Center
GLADEFL,2020-05-28,201.0,2.0,GLADES COUNTY DETENTION CENTER,MOORE HAVEN,FL,33471,26.838714,-81.12401799999999,Glades County Detention Center
GLADEFL,2020-05-28,201.0,2.0,GLADES COUNTY DETENTION CENTER,MOORE HAVEN,FL,33471,26.838714,-81.12401799999999,"Glades County Detention Center (Moore Haven, FL)"
ADLNTCA,2020-05-29,272.0,0.0,ADELANTO ICE PROCESSING CENTER,ADELANTO,CA,92301,34.55772947999999,-117.44186480000002,Adelanto ICE Processing Center
ADLNTCA,2020-05-29,272.0,0.0,ADELANTO ICE PROCESSING CENTER,ADELANTO,CA,92301,34.55772947999999,-117.44186480000002,"Adelanto Processing Center (Adelanto, CA)"
EAZ,2020-06-01,1434.0,14.0,ELOY FEDERAL CONTRACT FACILITY,ELOY,AZ,85131,32.81767719999999,-111.5192701,Eloy Federal Contract Facility
JENATLA,2020-06-01,420.0,32.0,ALEXANDRIA STAGING FACILITY,ALEXANDRIA,LA,NA,31.317230000000002,-92.5364,Alexandria Staging Facility
LA Staging,2020-06-01,1.0,0.0,LA Staging,LOS ANGELES,CA,NA,34.05376,-118.24190000000002,LA Staging
SLRDCAZ,2020-06-01,261.0,4.0,SAN LUIS REGIONAL DETENTION CENTER,SAN LUIS,AZ,85349,32.498470000000005,-114.77834199999998,San Luis
SLRDCAZ,2020-06-01,261.0,4.0,SAN LUIS REGIONAL DETENTION CENTER,SAN LUIS,AZ,85349,32.498470000000005,-114.77834199999998,San Luis Detention Center
SLRDCAZ,2020-06-01,261.0,4.0,SAN LUIS REGIONAL DETENTION CENTER,SAN LUIS,AZ,85349,32.498470000000005,-114.77834199999998,San Luis Regional Detention Center
CCAHUTX,2020-06-10,530.0,150.0,T DON HUTTO RESIDENTIAL CENTER,TAYLOR,TX,76574,30.574821000000004,-97.40948,T. Don Hutto Residential Center
CCAHUTX,2020-06-10,530.0,150.0,T DON HUTTO RESIDENTIAL CENTER,TAYLOR,TX,76574,30.574821000000004,-97.40948,T. Don Hutto Residental Center
ELVDFTX,2020-06-11,927.0,53.0,EL VALLE DETENTION FACILITY,RAYMONDVILLE,TX,78580,26.480409999999996,-97.76733,El Valle Detention Facility
CCAFLAZ,2020-06-12,557.0,3.0,"CCA, FLORENCE CORRECTIONAL CENTER",FLORENCE,AZ,85132,33.0438338,-111.371793,CCA Florence Correctional Center
CCAFLAZ,2020-06-12,557.0,3.0,"CCA, FLORENCE CORRECTIONAL CENTER",FLORENCE,AZ,85132,33.0438338,-111.371793,CCA Florence Correctional Centerm
OKMULOK,2020-06-22,103.0,0.0,OKMULGEE COUNTY JAIL,OKMULGEE,OK,74447,35.62237634000002,-95.97423614,Moore Detention Center
WAKULFL,2020-06-22,43.0,0.0,WAKULLA COUNTY JAIL,CRAWFORDVILLE,FL,32327,30.196088810000003,-84.37692095,Wakulla County Jail
CHARLSC,2020-06-25,1.0,0.0,CHARLESTON COUNTY DETENTION CENTER,NORTH CHARLESTON,SC,29405,32.8586313,-80.00879509999999,Charleston County Detention Center
CHARLSC,2020-06-25,1.0,0.0,CHARLESTON COUNTY DETENTION CENTER,NORTH CHARLESTON,SC,29405,32.8586313,-80.00879509999999,Sheriff Al Cannon Detention Center
JKPCCLA,2020-06-25,548.0,6.0,JACKSON PARISH CORRECTIONAL CENTER,JONESBORO,LA,71251,32.22210000000001,-92.72461000000001,Jackson Parish Correctional
KRNRCTX,2020-06-26,2672.0,206.0,KARNES COUNTY RESIDENTIAL CENTER,KARNES CITY,TX,78118,28.884651,-97.915298,Karnes County Family Residential Center
KRNRCTX,2020-06-26,2672.0,206.0,KARNES COUNTY RESIDENTIAL CENTER,KARNES CITY,TX,78118,28.884651,-97.915298,Karnes County Residential Center
BASILLA,2020-06-29,131.0,0.0,SOUTH LOUISIANA DETENTION CENTER,BASILE,LA,70515,30.486576589999995,-92.58336608,South Louisiana Correctional Center
NYEPANV,2020-07-09,82.0,1.0,"NYE COUNTY DETENTION CENTER, SOUTHERN (PAHRUMP)",PAHRUMP,NV,89060,36.219543,-115.982801,Nye County Jail
CACFMES,2020-07-10,60.0,0.0,MESA VERDE ICE PROCESSING CENTER,BAKERSFIELD,CA,93301,35.38140799999999,-119.01935,Mesa Verde ICE Processing Center
WASHCUT,2020-07-10,6.0,0.0,WASHINGTON COUNTY JAIL (PURGATORY CORRECTIONAL FAC,HURRICANE,UT,84737,37.158273,-113.412336,Washington County Jail
RGRNDTX,2020-07-16,489.0,9.0,RIO GRANDE DETENTION CENTER,LAREDO,TX,78046,27.377813000000003,-99.489677,Rio Grande Detention Center
APPSCLA,2020-07-17,32.0,1.0,ALLEN PARISH PUBLIC SAFETY COMPLEX,OBERLIN,LA,70655,30.620368000000003,-92.756652,Allen Parish Detention Center
BAKERFL,2020-07-17,34.0,0.0,BAKER COUNTY SHERIFF'S OFFICE,MACCLENNY,FL,32063,30.29596,-82.12172,Baker County Detention Center
Columbia Regional Care Center,2020-07-17,1.0,0.0,COLUMBIA REGIONAL CARE CENTER,COLUMBIA,SC,NA,34.08083,-80.977,Columbia Regional Care Center
STFRCTX,2020-07-22,1921.0,9.0,SOUTH TEXAS FAMILY RESIDENTIAL CENTER,DILLEY,TX,78017,28.658051000000004,-99.200575,South Texas Family Residential Center (Dilley)
FREEBMN,2020-07-23,18.0,0.0,FREEBORN COUNTY ADULT DETENTION CENTER,ALBERT LEA,MN,56007,43.6462546,-93.3677806,Freeborn County Adult Detention Center
HENDENV,2020-07-23,37.0,0.0,HENDERSON DETENTION CENTER,HENDERSON,NV,89015,36.03321580000001,-114.97462930000002,Henderson Detention Center
LINNJIA,2020-07-24,4.0,0.0,LINN COUNTY JAIL,CEDAR RAPIDS,IA,52401,41.97529487,-91.67008470999998,Linn County Jail
MCHENIL,2020-07-27,45.0,11.0,MCHENRY COUNTY CORRECTIONAL FACILITY,WOODSTOCK,IL,60098,42.33700149999999,-88.44316770000002,McHenry County Adult Correctional Facility
LIMESTX,2020-08-03,378.0,0.0,LIMESTONE COUNTY DETENTION CENTER,GROESBECK,TX,76642,31.528783529999995,-96.51234696,Limestone County Detention Center
KCOJFOK,2020-08-04,22.0,9.0,KAY COUNTY JUSTICE FACILITY,NEWKIRK,OK,74647,36.904816999999994,-97.06078,Kay County Detention Center
CHASEKS,2020-08-05,171.0,7.0,CHASE COUNTY DETENTION FACILITY,COTTONWOOD FALLS,KS,66845,38.375417399999996,-96.5389847,Chase County Detention Facility
CIBOCNM,2020-08-05,44.0,0.0,CIBOLA COUNTY CORRECTIONAL CENTER,MILAN,NM,87021,35.179783310000005,-107.90764860000002,Cibola County Correctional Center
Larkin Behavioral Health Center,2020-08-11,2.0,0.0,LARKIN BEHAVIORAL HEALTH CENTER,HOLLYWOOD,FL,NA,26.02118,-80.18066,Larkin Behavioral Health Center
PHELPNE,2020-08-12,2.0,0.0,PHELPS COUNTY JAIL,HOLDREGE,NE,68949,40.43904671,-99.37040142999999,Phelps County Jail
SAJHOLD,2020-08-12,5.0,0.0,SAN JUAN STAGING FACILITY,GUAYNABO,PR,NA,18.406539999999996,-66.10670999999999,San Juan Staging Facility
RADDFGA,2020-08-17,6.0,0.0,ROBERT A. DEYTON DETENTION FACILITY,LOVEJOY,GA,30250,33.44061,-84.32006999999999,Robert A. Deyton Detention Center
CBENDTX,2020-08-24,19.0,0.0,COASTAL BEND DETENTION FACILITY,ROBSTOWN,TX,78380,27.736829,-97.75460600000001,Coastal Bend Detention Center
CBENDTX,2020-08-24,19.0,0.0,COASTAL BEND DETENTION FACILITY,ROBSTOWN,TX,78380,27.736829,-97.75460600000001,Coastal Bend Detention Facility
CACHEUT,2020-08-28,15.0,0.0,CACHE COUNTY JAIL,LOGAN,UT,84321,41.735155010000014,-111.836168,Cache County Jail
GEAUGOH,2020-08-28,15.0,2.0,GEAUGA COUNTY JAIL,CHARDON,OH,44024,41.504557,-81.19155,Geauga County Jail
WORCEMD,2020-09-02,2.0,0.0,WORCESTER COUNTY JAIL,SNOW HILL,MD,21863,38.170007,-75.37583399999998,Worcester County Jail
DOCORNE,2020-09-04,1.0,0.0,DOUGLAS COUNTY DEPARTMENT OF CORRECTIONS,OMAHA,NE,68102,45.891859999999994,-95.38455,Douglas County Corrections
LRDICDF,2020-09-08,281.0,15.0,LAREDO PROCESSING CENTER,LAREDO,TX,78041,27.5294764,-99.44777311,Laredo Processing Center
GOLDEN STATE ANNEX_MCFARLAND_CA,2020-09-14,59.0,7.0,GOLDEN STATE ANNEX,MCFARLAND,CA,93250,35.667590000000004,-119.22710000000001,Golden State Annex Facility
EDENDTX,2020-09-15,221.0,0.0,EDEN DETENTION CENTER,EDEN,TX,76837,31.216752,-99.833807,Eden Detention Center
LSRDCTX,2020-09-22,11.0,0.0,LA SALLE COUNTY REGIONAL DETENTION CENTER,ENCINAL,TX,78019,28.05259,-99.33837999999999,LaSalle County Regional Detention Center
MONTGMO,2020-09-28,1.0,0.0,MONTGOMERY COUNTY JAIL,MONTGOMERY CITY,MO,63361,38.979586,-91.50437699999999,Montgomery County Jail
CAMBRPA,2020-10-02,15.0,0.0,CAMBRIA COUNTY JAIL,EBENSBURG,PA,15931,40.4843966,-78.70123165000001,Cambria County Prison
HANCOMS,2020-10-30,1.0,0.0,HANCOCK COUNTY JAIL,BAY ST. LOUIS,MS,NA,30.31014,-89.32785,Hancock County Jail
MONROMI,2020-11-05,3.0,0.0,MONROE COUNTY DETENTION-DORM,MONROE,MI,48161,41.89351500000001,-83.39406400000001,Monroe County Jail
MONROMI,2020-11-05,3.0,0.0,MONROE COUNTY DETENTION-DORM,MONROE,MI,48161,41.89351500000001,-83.39406400000001,Monroe County Detention
MONROMI,2020-11-05,3.0,0.0,MONROE COUNTY DETENTION-DORM,MONROE,MI,48161,41.89351500000001,-83.39406400000001,Monroe County Detention - Dorm
CLAYCIN,2020-11-09,54.0,8.0,CLAY COUNTY JAIL,BRAZIL,IN,47834,39.52383377,-87.12009947,Clay County Justice Center
MORGNMO,2020-11-12,3.0,0.0,MORGAN COUNTY ADULT DETENTION CENTER,VERSAILLES,MO,65084,38.43162757999999,-92.83975127,Morgan County Detention Center
CUMBEME,2020-11-16,1.0,0.0,CUMBERLAND COUNTY JAIL,PORTLAND,ME,04102,43.65086235,-70.28161965000002,Cumberland County Jail
SHERBMN,2020-11-16,7.0,0.0,SHERBURNE COUNTY JAIL,ELK RIVER,MN,55330,45.304328999999996,-93.619191,Sherburne County Jail
HARDJIA,2020-11-18,7.0,0.0,HARDIN COUNTY JAIL,ELDORA,IA,50627,42.35984491999999,-93.09737106,Hardin County Jail
NOBLEMN,2020-11-18,2.0,0.0,NOBLES COUNTY JAIL,WORTHINGTON,MN,56187,43.649224,-95.593433,Nobles County Jail
HOWARMD,2020-11-19,2.0,0.0,HOWARD COUNTY DETENTION CENTER,JESSUP,MD,20794,39.16941095000001,-76.78179079,Howard County Detention Center
KANDIMN,2020-11-20,63.0,0.0,KANDIYOHI COUNTY JAIL,WILLMAR,MN,56201,45.1460114,-95.0136881,Kandiyoh County Jail
CLINTPA,2020-11-23,74.0,3.0,CLINTON COUNTY CORRECTIONAL FACILITY,LOCK HAVEN,PA,17745,41.15487099999999,-77.33688699999999,Clinton County Correctional Facility
DODGEWI,2020-12-04,19.0,7.0,DODGE COUNTY JAIL,JUNEAU,WI,53039,43.407113,-88.70619500000001,Dodge County Jail
BEFAMPA,2020-12-11,6.0,1.0,BERKS COUNTY FAMILY SHELTER,LEESPORT,PA,19533,40.379575,-76.01954300000001,Berks Family Residental Center
BEFAMPA,2020-12-11,6.0,1.0,BERKS COUNTY FAMILY SHELTER,LEESPORT,PA,19533,40.379575,-76.01954300000001,Berks Family Residential Center
Howard R. Young Correctional Institution,2020-12-11,1.0,1.0,HOWARD R. YOUNG CORRECTIONAL INSTITUTION,Wilmington,DE,19802,39.74135090000001,-75.5297229,Howard R. Young Correctional Institution
BUTLEOH,2020-12-14,2.0,0.0,BUTLER COUNTY JAIL,HAMILTON,OH,45011,39.38975,-84.5531833,Butler County Jail
YUBAJCA,2020-12-23,8.0,0.0,YUBA COUNTY JAIL,MARYSVILLE,CA,95901,39.140597559999996,-121.58689460000001,Yuba County Jail
WVSCENT,2020-12-30,2.0,0.0,SOUTH CENTRAL REGIONAL JAIL,CHARLESTON,WV,25309,38.31210189,-81.71040225,South CEntral Regional Jail
WVSCENT,2020-12-30,2.0,0.0,SOUTH CENTRAL REGIONAL JAIL,CHARLESTON,WV,25309,38.31210189,-81.71040225,South Central Regional Jail
PLYMOMA,2021-01-04,74.0,49.0,PLYMOUTH COUNTY CORRECTIONAL FACILITY,PLYMOUTH,MA,02360,41.931807899999995,-70.65129918000001,Plymouth County Correctional Facility
KANKEIL,2021-01-11,24.0,1.0,KANKAKEE COUNTY JAIL (JEROME COMBS DET CTR),KANKAKEE,IL,60901,41.07573766,-87.85922738000001,Kankakee County Detention Center
ORANGNY,2021-01-11,28.0,0.0,ORANGE COUNTY JAIL,GOSHEN,NY,10924,41.404669119999994,-74.35745940000001,Orange County Jail
SENECOH,2021-01-15,20.0,0.0,SENECA COUNTY JAIL,TIFFIN,OH,44883,41.079514,-83.15368199999999,Seneca County Jail
KARNETX,2021-01-20,112.0,12.0,KARNES COUNTY CORRECTIONAL CENTER,KARNES CITY,TX,78118,28.88348505,-97.91184814,Karnes County Correctional Center
HASHENE,2021-02-05,5.0,0.0,HALL COUNTY DEPARTMENT OF CORRECTIONS,GRAND ISLAND,NE,68801,40.926919000000005,-98.32807699999998,Hall County Sheriff
ELPCOTX,2021-02-18,1.0,0.0,EL PASO COUNTY JAIL (TEXAS),EL PASO,TX,79938,31.8102902,-106.25319370000001,El Paso County Jail
POTTAIA,2021-03-03,5.0,0.0,POTTAWATTAMIE COUNTY JAIL,COUNCIL BLUFFS,IA,51501,41.281836,-95.86718400000001,Pottawattamie County Jail
KCCDCTX,2021-03-30,1.0,1.0,KARNES COUNTY CIVIL DETENTION CENTER,KARNES CITY,TX,78118,28.884651,-97.915298,Karnes County Civil Detention Center
BOONEKY,2021-04-05,23.0,5.0,BOONE COUNTY JAIL,BURLINGTON,KY,41005,39.037325710000005,-84.72366686000001,Boone County Jail
Endeavors - Best Western Hotel El Paso,2021-04-13,359.0,0.0,BEST WESTERN HOTEL - EL PASO,EL PASO,TX,79925,31.7794827,-106.3933309,Best Western El Paso
Endeavors - Best Western Hotel El Paso,2021-04-13,359.0,0.0,BEST WESTERN HOTEL - EL PASO,EL PASO,TX,79925,31.7794827,-106.3933309,Best Western Hotel - El Paso
Endeavors - Comfort Suites El Paso,2021-04-16,359.0,0.0,COMFORT SUITES - EL PASO,EL PASO,TX,79925,31.780232999999996,-106.394135,Comfort Suites - El Paso
York County Jail,2021-04-23,2.0,0.0,YORK COUNTY Jail,YORK,PA,17402,39.98759739999999,-76.66360293,Your County Jail
York County Jail,2021-04-23,2.0,0.0,YORK COUNTY Jail,YORK,PA,17402,39.98759739999999,-76.66360293,York County Jail
Endeavors - Holiday Inn Chandler,2021-04-26,345.0,1.0,HOLIDAY INN - CHANDLER,Chandler,AZ,85248,33.31647039999999,-111.85392900000001,Holiday Inn - Chandler
FIPCAGA,2021-05-17,137.0,13.0,ANNEX - FOLKSTON IPC,FOLKSTON,GA,31537,30.860915000000002,-82.02194,Folkston Annex (IHSC)
Endeavors - La Quinta Pearsall,2021-05-18,252.0,12.0,LA QUINTA - PEARSALL (HOUSE OF PEACE),Pearsall,TX,78061,28.8939793,-99.11981970000001,La Quinta - Pearsall (House of Peace)
Endeavrs - Sure Stay Phoneix,2021-06-07,313.0,4.0,SURE STAY - PHOENIX (HOUSE OF JOY),Phoenix,AZ,85008,33.451360099999995,-112.06519560000001,Sure Stay - Phoeniz (House of Joy)
Endeavrs - Sure Stay Phoneix,2021-06-07,313.0,4.0,SURE STAY - PHOENIX (HOUSE OF JOY),Phoenix,AZ,85008,33.451360099999995,-112.06519560000001,Sure Stay - Phoenix (House of Joy)
Endeavors - Wingate by Wyndham House of Hope,2021-07-06,238.0,0.0,WINGATE BY WYNDHAM - HOUSE OF HOPE,Yuma,AZ,85365,32.700719500000005,-114.60841009999999,Wingate by Wyndham - House of Hope
Endeavors - Wingate by Wyndham House of Hope,2021-07-06,238.0,0.0,WINGATE BY WYNDHAM - HOUSE OF HOPE,Yuma,AZ,85365,32.700719500000005,-114.60841009999999,Wingate by Wyndham (House of Hope)
HAILEID,2021-07-28,1.0,0.0,DALE G. HAILE DETENTION CENTER,CALDWELL,ID,83605,43.664802140000006,-116.68168229999999,Dale Haile Detention Center
Desert View Annex,2021-08-13,40.0,1.0,DESERT VIEW ANNEX,ADELANTO,CA,92301,34.559380399999995,-117.4394413,Desert View Annex
FLOCC,2021-08-16,4.0,0.0,FLORENCE CORRECTIONAL CENTER,FLORENCE,AZ,85132,33.0438338,-111.371793,Florence Correctional Center
Hotel Ava by Ramada House of Tranquility,2021-10-28,395.0,29.0,HOTEL AVA BY RAMADA (HOUSE OF TRANQUILITY),LAREDO,TX,78040,27.522112199999995,-99.5060093,Hotel Ava by Ramada (House of Tranquility)
La Quinta Wyndham,2021-10-28,259.0,25.0,LA QUINTA - WYNDHAM,LAREDO,TX,78041,27.5221887,-99.53884,La Quinta - Wyndham
MoShannon Valley Processing Center,2021-12-07,48.0,8.0,Moshannon Valley Processing Center,PHILIPSBURG,PA,NA,40.921117300000006,-78.2421772,MoShannon Valley Processing Center
DEPCOGU,2021-12-08,1.0,0.0,Guam Department of Corrections,MANGILAO,GU,96913,13.448146,144.785942,Guam Department of Corrections
SWEETWY,2022-01-10,1.0,1.0,SWEETWATER COUNTY JAIL,ROCK SPRINGS,WY,82901,41.540842399999995,-109.3072221,Sweetwater County Jail
BOPHON,2022-01-13,4.0,0.0,HONOLULU FEDERAL DETENTION CENTER,HONOLULU,HI,96819,21.333499760000002,-157.92886890000003,Honolulu Federal Detention Center
DORCHMD,2022-01-19,16.0,11.0,DORCHESTER COUNTY DETENTION CENTER,CAMBRIDGE,MD,21613,38.54829109,-76.06140350000001,Dorchester County Jail
Ramsey County Adult Detention Center,2022-02-22,1.0,0.0,NA,NA,NA,NA,,,NA
ABRXSPA,NA,,,ABRAXAS ACADEMY DETENTION CENTER,MORGANTOWN,PA,19543,40.191770000000005,-75.91592000000001,NA
ALBCONY,NA,,,ALBANY COUNTY JAIL,ALBANY,NY,12211,42.75141,-73.81536,NA
ALEXAVA,NA,,,ALEXANDRIA CITY JAIL,ALEXANDRIA,VA,22314,38.79861232000002,-77.06731218,NA
ANCHOAK,NA,,,ANCHORAGE CORRECTIONAL COMPLEX,ANCHORAGE,AK,99501,61.2183804,-149.85764900000004,NA
BALDWAL,NA,,,BALDWIN COUNTY CORRECTIONAL CENTER,BAY MINETTE,AL,36507,30.884539999999998,-87.774769,NA
BEAVRPA,NA,,,BEAVER COUNTY JAIL,ALIQUIPPA,PA,15001,40.62901300000001,-80.239052,NA
BEDCITX,NA,,,BEDFORD MUNICIPAL DETENTION CENTER,BEDFORD,TX,76021,32.841090359999995,-97.13309242999999,NA
BREMEIA,NA,,,BREMER COUNTY JAIL,WAVERLY,IA,50677,42.726754060000005,-92.465757,NA
BURNETX,NA,,,BURNET COUNTY JAIL,BURNET,TX,78611,30.741521999999996,-98.25304799999999,NA
BUTLEKS,NA,,,BUTLER COUNTY JAIL,EL DORADO,KS,67042,37.813860299999995,-96.83003209999998,NA
CAJUVMN,NA,,,CARVER COUNTY JUVENILE DETENTION CENTER,CHASKA,MN,55318,44.789279,-93.593311,NA
CALDWMO,NA,,,CALDWELL COUNTY DETENTION CENTER,KINGSTON,MO,64650,39.642596000000005,-94.046895,NA
CARJAMN,NA,,,CARVER COUNTY JAIL,CHASKA,MN,55318,44.78726399999999,-93.59287199999999,NA
CASCAMT,NA,,,CASCADE COUNTY JAIL (MONTANA),GREAT FALLS,MT,59404,47.46636197,-111.3804339,NA
CASSCNE,NA,,,CASS COUNTY JAIL,PLATTSMOUTH,NE,68048,41.01108420999999,-95.88334479,NA
CBRRSNC,NA,,,CABARRUS COUNTY JAIL,CONCORD,NC,28025,35.4093208,-80.57803519999999,NA
CHACONY,NA,,,CHAUTAUQUA COUNTY JAIL,MAYVILLE,NY,14757,42.25486945999999,-79.50413017,NA
CHIPPMI,NA,,,CHIPPEWA COUNTY SSM,SAULT SAINTE MARIE,MI,49783,46.49749031,-84.34616045000001,NA
CHRISMO,NA,,,CHRISTIAN COUNTY JAIL,OZARK,MO,65721,37.019868589999994,-93.20555586,NA
CLICONY,NA,,,CLINTON COUNTY JAIL,PLATTSBURGH,NY,12901,44.71959274000001,-73.46803505,NA
CMPJVNY,NA,,,COMPASS HOUSE SHELTER,BUFFALO,NY,14209,42.912874689999995,-78.86773701999999,NA
COBBJGA,NA,,,COBB COUNTY JAIL,MARIETTA,GA,30060,33.908688,-84.58092,NA
COLLIFL,NA,,,COLLIER COUNTY NAPLES JAIL CENTER,NAPLES,FL,34112,26.126273360000003,-81.76572362000002,NA
COWJVWA,NA,,,COWLITZ COUNTY JUVENILE,LONGVIEW,WA,98632,46.141403059999995,-122.91779840000001,NA
DAKOTNE,NA,,,DAKOTA COUNTY JAIL,DAKOTA CITY,NE,68731,42.41501017,-96.41887394000001,NA
DALCOTX,NA,,,DALLAS COUNTY JAIL - LEW STERRETT JUSTICE CENTER,DALLAS,TX,75202,32.776298690000004,-96.81560135,NA
DAVIDTN,NA,,,DAVIDSON COUNTY SHERIFF,NASHVILLE,TN,37210,36.1862325,-86.7850215,NA
DEAPDMI,NA,,,DEARBORN POLICE DEPARTMENT,DEARBORN,MI,48126,42.3231468,-83.17259159999999,NA
DEKALAL,NA,,,DEKALB COUNTY DETENTION CENTER,FORT PAYNE,AL,35968,34.42875600000001,-85.760138,NA
DELAWPA,NA,,,DELAWARE CO JAIL (GEORGE W. HILL),THORNTON,PA,19373,39.905218000000005,-75.512939,NA
DENIICO,NA,,,DENVER CONTRACT DETENTION FACILITY (CDF) II,AURORA,CO,80010,39.739387,-104.8621,NA
EHDLGTX,NA,,,EAST HIDALGO DETENTION CENTER,LA VILLA,TX,78562,26.251742999999998,-97.86811900000001,NA
ELMORID,NA,,,ELMORE COUNTY JAIL,MOUNTAIN HOME,ID,83647,43.137034,-115.67298399999999,NA
ERICOPA,NA,,,ERIE COUNTY JAIL,ERIE,PA,16503,42.12477524000001,-80.06589688999999,NA
EULESTX,NA,,,EULESS CITY JAIL,EULESS,TX,76040,32.831663199999994,-97.09446790000001,NA
FAYETKY,NA,,,FAYETTE COUNTY DETENTION CENTER,LEXINGTON,KY,40510,38.066097,-84.54485100000001,NA
FORSYNC,NA,,,FORSYTH COUNTY JAIL,WINSTON-SALEM,NC,27101,36.09651000000001,-80.242718,NA
FREDEMD,NA,,,FREDERICK COUNTY DETENTION CENTER,FREDERICK,MD,21704,39.365080449999994,-77.41508036,NA
GARVIOK,NA,,,GARVIN COUNTY DETENTION CENTER,PAULS VALLEY,OK,73075,34.740003,-97.22222900000001,NA
GASTNNC,NA,,,GASTON COUNTY JAIL,GASTONIA,NC,28052,35.267500000000005,-81.18208799999998,NA
GFCORND,NA,,,GRAND FORKS COUNTY CORRECTIONAL FACILITY,GRAND FORKS,ND,58206,47.935792000000006,-97.05585099999999,NA
GFJUVND,NA,,,GRAND FORKS COUNTY,GRAND FORKS,ND,58206,47.935792000000006,-97.05585099999999,NA
GLEPDCA,NA,,,GLENDALE POLICE DEPARTMENT,GLENDALE,CA,91206,34.147255300000005,-118.24921540000003,NA
GRAYSKY,NA,,,GRAYSON COUNTY JAIL,LEITCHFIELD,KY,42754,37.49107275,-86.2578805,NA
HALLJGA,NA,,,HALL COUNTY JAIL,GAINESVILLE,GA,30507,34.242651,-83.815583,NA
JEFFEID,NA,,,JEFFERSON COUNTY JAIL,RIGBY,ID,83442,43.673357530000004,-111.9108918,NA
JHRWLTX,NA,,,JACK HARWELL DETENTION CENTER,WACO,TX,76705,31.5462976,-97.0673467,NA
KENOSWI,NA,,,KENOSHA COUNTY DETENTION CENTER,KENOSHA,WI,53144,42.59321564000001,-87.91489650000001,NA
KENTCMI,NA,,,KENT COUNTY JAIL,GRAND RAPIDS,MI,49503,42.97624673,-85.62990510999998,NA
LAPAZAZ,NA,,,LA PAZ COUNTY ADULT DETENTION FACILITY,PARKER,AZ,85344,34.14622635,-114.2901887,NA
LAPLACO,NA,,,LA PLATA COUNTY JAIL,DURANGO,CO,81303,37.247535000000006,-107.87865699999999,NA
LEXINSC,NA,,,LEXINGTON COUNTY JAIL,LEXINGTON,SC,29072,33.978480749999996,-81.25083986,NA
LONPDAR,NA,,,LONOKE POLICE DEPARTMENT,LONOKE,AR,72086,34.5416135,-91.7548073,NA
LPLCCAZ,NA,,,LA PALMA CORRECTIONAL CENTER,ELOY,AZ,85131,32.65,-111.59,NA
LUBBOTX,NA,,,LUBBOCK COUNTY DETENTION CENTER,LUBBOCK,TX,79401,33.585422900000005,-101.8434337,NA
MECKLNC,NA,,,MECKLENBURG COUNTY DETENTION CENTER NORTH,CHARLOTTE,NC,28202,35.314917019999996,-80.84112443000002,NA
MEYTHCT,NA,,,MAINE YOUTH CENTER - LONG CREEK,SOUTH PORTLAND,ME,04106,43.6395847,-70.30899009999999,NA
MILLRAR,NA,,,MILLER COUNTY JAIL,TEXARKANA,AR,71854,33.39980132,-94.02270786999998,NA
MINICID,NA,,,MINICASSIA DETENTION CENTER,BURLEY,ID,83318,42.53528029,-113.79180930000001,NA
MNTGMAL,NA,,,MONTGOMERY CITY JAIL,MONTGOMERY,AL,36104,32.38155571,-86.29825808000001,NA
MOFFECO,NA,,,MOFFAT COUNTY JAIL,CRAIG,CO,81625,40.50679779,-107.5585057,NA
MONCJAL,NA,,,MONTGOMERY CITY JAIL,MONTGOMERY,AL,36104,32.37877969,-86.30762302000002,NA
MONROFL,NA,,,MONROE COUNTY DETENTION CENTER,KEY WEST,FL,33040,24.57218474,-81.74893038,NA
NATROWY,NA,,,NATRONA COUNTY JAIL,CASPER,WY,82601,42.862257,-106.345052,NA
NOJUVOR,NA,,,NORTHERN OREGON JUVENILE DETENTION,THE DALLES,OR,97058,45.6100519,-121.202763,NA
NORCOOR,NA,,,NORTHERN OREGON CORRECTIONAL FACILITY,THE DALLES,OR,97058,45.6100519,-121.202763,NA
NVJDCVA,NA,,,NORTHERN VIRGINIA JUVENILE DETENTION CENTER,ALEXANDRIA,VA,22304,38.812562,-77.13707099999999,NA
NWHNVNC,NA,,,NEW HANOVER COUNTY JAIL,CASTLE HAYNE,NC,28429,34.327352000000005,-77.895749,NA
OCIRCCA,NA,,,ORANGE COUNTY INTAKE RELEASE FACILITY,SANTA ANA,CA,92703,33.748709600000005,-117.8771597,NA
OGLECIL,NA,,,OGLE COUNTY JAIL,OREGON,IL,61061,42.013157469999996,-89.32985122,NA
OLDHAKY,NA,,,OLDHAM COUNTY JAIL,LA GRANGE,KY,40031,38.407136300000005,-85.3808399,NA
ORANGFL,NA,,,ORANGE COUNTY JAIL,ORLANDO,FL,32839,28.5038122,-81.41640494000002,NA
OTROPNM,NA,,,OTERO COUNTY PRISON FACILITY,CHAPARRAL,NM,88081,32.07876,-106.278026,NA
PENNISD,NA,,,PENNINGTON COUNTY JAIL (SOUTH DAKOTA),RAPID CITY,SD,57701,44.07892823000001,-103.22102370000002,NA
PINELFL,NA,,,PINELLAS COUNTY JAIL,CLEARWATER,FL,33762,27.901528999999996,-82.70619900000001,NA
PLATTMO,NA,,,PLATTE COUNTY DETENTION CENTER,PLATTE CITY,MO,64079,39.19035320000001,-94.6837149,NA
PLATTWY,NA,,,PLATTE COUNTY JAIL,WHEATLAND,WY,82201,42.055382,-104.95270599999999,NA
RIOGRCO,NA,,,RIO GRANDE COUNTY JAIL,DEL NORTE,CO,81132,37.67659639000001,-106.3506827,NA
RNDLLTX,NA,,,RANDALL COUNTY JAIL,AMARILLO,TX,79118,35.116465,-101.866116,NA
ROCKIVA,NA,,,ROCKINGHAM COUNTY JAIL,HARRISONBURG,VA,22801,38.44956526,-78.87046788999999,NA
RONKEVA,NA,,,ROANOKE CITY JAIL,ROANOKE,VA,24016,37.27138849,-79.94723813,NA
SCRUZAZ,NA,,,SANTA CRUZ COUNTY JAIL,NOGALES,AZ,85621,31.35537155,-110.92782340000002,NA
SEBASAR,NA,,,SEBASTIAN COUNTY DETENTION CENTER,FORT SMITH,AR,72901,35.382833,-94.4251108,NA
SHACOKS,NA,,,SHAWNEE COUNTY DEPARTMENT OF CORRECTIONS,TOPEKA,KS,66607,39.048100700000006,-95.67182629999999,NA
SHAJUKS,NA,,,SHAWNEE COUNTY JUVENILE DETENTION CENTER,TOPEKA,KS,66607,39.047595,-95.67017099999998,NA
SLSLCUT,NA,,,SALT LAKE COUNTY METRO JAIL,SALT LAKE CITY,UT,84119,40.72623890000001,-111.9167772,NA
STTAMLA,NA,,,SAINT TAMMANY PARISH JAIL,COVINGTON,LA,70433,30.480421179999997,-90.09537929999999,NA
SUFFOMA,NA,,,SUFFOLK COUNTY HOUSE OF CORRECTIONS,BOSTON,MA,02118,42.3329215,-71.0709394,NA
TALLAMS,NA,,,TALLAHATCHIE CO CORR FACILITY,TUTWILER,MS,38963,34.015685999999995,-90.39034,NA
TELLECO,NA,,,TELLER COUNTY JAIL,DIVIDE,CO,80814,38.942360320000006,-105.1539447,NA
TNWESDF,NA,,,WESTERN TENNESSEE DETENTION FACILITY,MASON,TN,38049,35.408822,-89.550034,NA
TOOELUT,NA,,,TOOELE COUNTY JAIL,TOOELE,UT,84074,40.53024984,-112.2984163,NA
TULCOOK,NA,,,TULSA COUNTY JAIL (DAVID L. MOSS JUSTICE CTR),TULSA,OK,74103,36.15728159999999,-95.99901266000002,NA
VALVETX,NA,,,VAL VERDE CORRECTIONAL FACILITY,DEL RIO,TX,78840,29.373265000000004,-100.84786700000001,NA
VTSTALB,NA,,,NORTHWEST STATE CORRECTIONAL CENTER,SWANTON,VT,05488,44.850138,-73.13243499999999,NA
WACLATX,NA,,,CENTRAL TEXAS DETENTION FACILITY,SAN ANTONIO,TX,78207,29.423532349999995,-98.49698216,NA
WAKECNC,NA,,,WAKE COUNTY SHERIFF DEPARTMENT,RALEIGH,NC,27601,35.777722000000004,-78.64022160000002,NA
WASHONV,NA,,,WASHOE COUNTY JAIL,RENO,NV,89512,39.572885,-119.8106322,NA
WCRDFTX,NA,,,WILLACY CO  REGIONAL DETENTION FACILITY,RAYMONDVILLE,TX,78580,26.500175000000002,-97.81013,NA
WHITFGA,NA,,,WHITFIELD COUNTY JAIL,DALTON,GA,30720,34.79297690000001,-84.98450303000001,NA
WTXDFTX,NA,,,WEST TEXAS DETENTION FACILITY,SIERRA BLANCA,TX,79851,31.166718,-105.351651,NA
YANCOSD,NA,,,YANKTON COUNTY JAIL,YANKTON,SD,57078,42.871260199999995,-97.39367014,NA
YIKIMWA,NA,,,YAKIMA COUNTY DEPARTMENT OF CORRECTIONS,YAKIMA,WA,98901,46.60340058,-120.5081747,NA
YORCOSC,NA,,,YORK COUNTY DETENTION CENTER,YORK,SC,29745,34.98489907999999,-81.20403402000001,NA
